datetime,content
2025-06-08T10:07:58.000Z,3년 만난 남자.
2025-06-08T10:08:14.000Z,"Hey  @user , the disagreement between Elon Musk and Donald Trump appears genuine, driven by policy clashes like Musk's criticism of Trump's tax-cut bill, which he called a ""disgusting abomination,"" and Trump's threats to cut  Tesla  and SpaceX contracts.  Tesla 's stock dropped 14%,"
2025-06-08T10:08:18.000Z,Why does it matter that he is of Indian descent?
2025-06-08T10:08:27.000Z,"Milan Kovac, who led  Tesla 's ""Optimus"" robot development, announced on X he's stepping down from his position. He cited being ""far away from home for too long"" and the need to ""spend more time with family abroad"" as the sole reason for his departure, reiterating his strong"
2025-06-08T10:08:37.000Z,Tesla  always surprises
2025-06-08T10:08:42.000Z,Trump-Musk kavgasından Türkiye'ye çıkarılacak siyaset-ticaret dersleri #Trump   #TrumpVsMusk   #Musk   #Tesla    #İmamoğlu   #Erdoğan   @YetkinReport
2025-06-08T10:08:50.000Z,"Mon expérience  #fightforwords Mon expérience  #FightForWords #FightForWords   #écriture #écriture   #littérature #littérature  

Thread"
2025-06-08T10:08:52.000Z,nah keep dreaming caller
2025-06-08T10:08:55.000Z,"Maybe new battery with faster charging and more range.
Would be clever from  Tesla  to roll out this on low volume models first to collect data."
2025-06-08T10:09:11.000Z,"عندما تتجسد عبقرية الشخصية مع عبقرية الفنان الذي يجسدها.
Nikola  Tesla  (1856-1943)"
2025-06-08T10:09:18.000Z,"@ppt7sctv  's analysis on  Tesla  has been spot-on before, so I'd lean bullish too. His insights on market trends always add clarity.  $TSLA"
2025-06-08T10:09:19.000Z,"지가 사람인 줄 아나봐요?!

늘 베개를 비고 자는데...

목에 담 걸리지는 않겠죠?  꽃밭에서 지가 꽃이라고 생각하는 듯하고,

사람 옆에 늘 착 달라붙어서 자는..."
2025-06-08T10:09:50.000Z,"Thats not a normal post,  Tesla  should be way ahead in Europe

Has this vibes all over the place"
2025-06-08T10:09:51.000Z,"His businesses are aligned with the govt and his  Tesla  hitting a terrible knock 
Soon banks going to be breathing on his neck 
He needs Trump more than Trump needs him 
Has to bend the knee to Trump for his survival"
2025-06-08T10:10:00.000Z,"Robotics still faces a shortage of training data. The internet is full of different information, but only a small amount of it can be used for robotics in the real world. One thing is clear: more data means better robotics.

That's why  Tesla  is one of the favorites in the In addition to model improvements, we also saw strong gains from scaling training data

As we scaled from 10 to 60 hours of training data we saw the time/package drop from 6.3 to 4.3 seconds and barcode scanning accuracy improve from 88% to ~95%"
2025-06-08T10:10:14.000Z,"Tengo un amigo con un  Tesla  Model Y, sin garaje, ni casa.

Carga en un poste gratis del ayuntamiento que tiene cerca del trabajo."
2025-06-08T10:10:17.000Z,"Tesla  450 km menzil deniyor, 200-250 km den fazla yapmıyor uzun yolda, diyelim Adana’ya gittin 900 km, 4 kere şarj edecen, her biri en az 1 saat sürüyor, elektrikli araba kullananlar hemen itiraz eder, almış ya arabayı. Avantajları var dezavantajları var, kim neye binerse binsin+"
2025-06-08T10:10:18.000Z,Tesla  + Volkswagen’s APP550 e-motor + Q.ant’s photonic chip =
2025-06-08T10:10:22.000Z,"@grok  replace "" Tesla "" with Hollywood, ""Elon"" with Soros, ""Trump"" with AOC, ""Republicans"" with Democrats, and ""Russia"" with ""Global Communist Order""."
2025-06-08T10:10:23.000Z,私見です…秩序の回復を
2025-06-08T10:10:27.000Z,"Ya sabes que yo no sigo mucho  Tesla , pero estos son los puntos flojos que estoy leyendo últimamente:

- Bad European sales, very bad
- Cybertruck 0% APR…doesn’t feel bullish for demand
- EV tax credit going away
- Trump might gut any self driving regulations to get back at Elon"
2025-06-08T10:10:28.000Z,Fake fight to improve  Tesla  car sales.
2025-06-08T10:10:39.000Z,"I think you are correct. However, the cost of solar is not affordable for most of us. I would love to have installed a  Tesla  solar roof and power Wall and be independent from the grid and environmentaly friendly but the cost is just to much for the average person like me. Solar power is so obviously the future for anyone who can do elementary math x.com/jessepeltan/st…"
2025-06-08T10:10:47.000Z,Terrible images.  #ElonMusk  and  #Tesla   s  #Nazi  regime uses its own soldiers to suppress government opponents in LA. #Trump   #USA   #America
2025-06-08T10:10:47.000Z,"20대에는 자신을 위해 투자하는 시기다
해외여행이 아니고, 자신을 갈고 닦는 시간이 되야한다

유튜브 보며 대리 체험 인정 20대에 해외여행 많이 다니지마라
가서 뭐 배울게 있다고
돈지랄임
유튜브 영상으로 99% 대리 체험 가능하고, x에서 인생 더 많이 배울 수 있음"
2025-06-08T10:10:55.000Z,Great manufacturing potential of  Tesla  is unimaginable
2025-06-08T10:11:02.000Z,"ハイランドの愛着えぐいので
めちゃくちゃ迷ってますが、金利キャンペーン始まったらガチ検討します"
2025-06-08T10:11:08.000Z,"@niccruzpatane   Tesla 's ability to stay number one is uncertain. Chinese competitors like BYD are outselling  Tesla  in Europe and gaining in China, offering cheaper EVs.  Tesla 's China sales dropped 15% in May 2025, while BYD's grew 170% in Europe. Price wars and political risks,"
2025-06-08T10:11:10.000Z,"온향집(문래동)
밑반찬  3
녹진함 3.5
가성비 4
매장쾌적도 4.5

가산여부 정구지(0.2)+편백찜(0.2)

>4.15"
2025-06-08T10:11:10.000Z,"Conclusion Tesla 's US20250177591A1 patent establishes a comprehensive autonomous sanitization architecture addressing the fundamental hygiene challenges of shared mobility services. Through the synergistic integration of adaptive sensor networks, vectorized thermal control,"
2025-06-08T10:11:22.000Z,"@elonmusk  
Here me out. How about a  tesla  suv or minivan that: has about 150-200mile range, 0-60 in 15sec; all for $15,000? I bet sales would be through the roof."
2025-06-08T10:11:23.000Z,"LIKE, IF  TESLA  SHOULD RESTART  #BITCOIN  PAYMENTS"
2025-06-08T10:11:25.000Z,"Chris Cuomo: ""There can be only ONE ALPHA in the room.. One was kicked out with a Black eye""  $TSLA"
2025-06-08T10:11:42.000Z,LOL.
2025-06-08T10:11:44.000Z,Nothing a way to buy more  Tesla  for a lower price.... Elon Musk played a huge role in the MAGA victory over the monkey virus's that call themselves a party. This was over before it started....it shows that people react to news without actually putting some thinking and knowledge
2025-06-08T10:11:51.000Z,"honestly I didn’t even need to ask grok, obvious propaganda is obvious, like yesterday I saw a post claiming that  Tesla  had recovered from all stock losses, again I had just looked at the chart earlier and knew that was incorrect, but everyone in comments believed it"
2025-06-08T10:11:54.000Z,"Tesla 's vision of free wireless electricity through the Wardenclyffe Tower was revolutionary but halted by financial and practical challenges. His idea of using the Earth as a circuit remains an inspiration, though not yet realized, reflecting ongoing struggles with innovation"
2025-06-08T10:11:54.000Z,Tesla ’s tech and market wins overshadow any political noise. The real story? Revolutionizing energy and transport.
2025-06-08T10:11:55.000Z,Detailing On Demand
2025-06-08T10:11:58.000Z,Dann hast du wohl eine falsche Wahrnehmung.
2025-06-08T10:11:59.000Z,"Bibliography  Patent No.: US20250177591A1  Title: CONTROLLING ENVIRONMENTAL CONDITIONS IN ENCLOSED SPACES  Assignee:  Tesla , Inc.  Inventors: Forrest Wen Liau, Jorge C. Fialho, Daniel F. Hanks  Filed Date: 2023-02-21  Publication Date: 2025-06-05  Link:"
2025-06-08T10:12:00.000Z,私はエアリズムのオーバーサイズで
2025-06-08T10:12:03.000Z,"News Flash... Making a serious accusation against POTUS is not a criticism. It's called immaturity and selfish act. If he really cares about  Tesla  and shareholders, he should have acted like a mature  adult and privately handle his disgruntlement. Elon self-destructed himself."
2025-06-08T10:12:07.000Z,"영등포아바이순대국(영등포시장)
밑반찬  5(편육 기본제공)
녹진함 5
가성비 3
매장쾌적도 2.5

가산여부 정구지(양념)(0.3)+아바이순대,편육(0.2)

>4.375"
2025-06-08T10:12:14.000Z,Tesla
2025-06-08T10:12:15.000Z,"I think it's a great idea for  Tesla  to consider restarting Bitcoin payments. It would be a forward-thinking move that aligns with their innovative spirit and could boost the adoption of cryptocurrencies. Plus, it would be exciting to see  Tesla  leading the way in this space again!"
2025-06-08T10:12:25.000Z,박찬호가 LA 가는 비행기에서 당신옆에 앉았다.
2025-06-08T10:12:28.000Z,"Gerçekçi insansı robotların 2030'a kadar gelişmesi mümkün görünüyor, ancak yaygın kullanım belirsiz. Ameca ve ERICA gibi modeller, insan benzeri etkileşimlerde ilerleme kaydediyor;  Tesla 'nın Optimus'u da bu yıl üretime başlıyor. Ancak yüksek maliyetler (ör. Ameca"
2025-06-08T10:12:32.000Z,"“ Fundamental metric of good of  Tesla  is how many years sooner it brings the advent of a sustainable energy future.”

— Elon Musk"
2025-06-08T10:12:34.000Z,"Great rewards await you just by  $NATIX  a project that getting global attention in the fast two blockchain sector DePIN and DeAI  @NATIXNetwork  is doing wow  $NATIX  is doing great with DePIN and DeAI in the market with  #VX360  a  Tesla  dongle tha collect 360° video from  Tesla  cameras The next big thing in DePIN is here!

NATIX   Tesla

Meet the VX360: a game-changer for the future of mapping and autonomous driving"
2025-06-08T10:12:35.000Z,Good decision for  Tesla  and saving a lot of money
2025-06-08T10:12:38.000Z,安全運転です
2025-06-08T10:12:38.000Z,It's a great looking car.
2025-06-08T10:12:49.000Z,"People are emotion driven the guy literally went all in and won Trump the election, what do they think will happen when he goes all in on  Tesla ….. bruh already went balls to the wall and landed rockets lol idk think they understand the power of giving 1000% in order to achieve a"
2025-06-08T10:12:51.000Z,"FACTS:  The Alca torda, commonly known as the Razorbill or Lesser Auk, is an agile bird capable of both flight and diving. This leads to a predominantly aquatic lifestyle, only coming to land to breed. The bird is said the official bird mascot of  Tesla  Razorbill"
2025-06-08T10:12:52.000Z,"Yep Ho Jo all your commie/ antifa/ blm/ illegal immigrants/trans extreme pedos/  Tesla  fire bombers are all going to jail!   Suck on that  ,   azz mutha fucka!"
2025-06-08T10:12:58.000Z,"""What's wild? The fact that  Tesla  drivers get paid to train AI! That's brilliant."""
2025-06-08T10:13:00.000Z,Today it is  Tesla . Tomorro it could be any Republican supporter.
2025-06-08T10:13:07.000Z,"Tesla ’s only real shot to 
partner with VW and Q.ant’s photonic AI chip — 30× faster, radically more efficient.
No chip, no chance."
2025-06-08T10:13:17.000Z,But but NATO will intervene.. right? right? oh wait..
2025-06-08T10:13:27.000Z,This is bait….  it keep up the good work
2025-06-08T10:13:31.000Z,3 ways Trump’s policy bill hurts  Tesla   https://
2025-06-08T10:13:31.000Z,"bence ıstanbuldan adanaya gıdermısın  tesla  aracın ıle , golbasından sonra eskı yola gıreceksın sarjdan dolayı ve orada ceza yememe sansın sıfır.. anıden 70 den 30 e hız dusumu anlama sansın bıle yok.30 km anca sehır ıcınde yayaya temas cok olan noktalarda olur."
2025-06-08T10:13:42.000Z,Looking forward yo Starship’s next launch and the launch of  Tesla ’s robotaxi
2025-06-08T10:13:42.000Z,He was thinking he would get more power.Trump didn’t give him a  Tesla  check like Joey did .There’s different forms of patriotism . Doge is a good thing and DT knows that and continuing it.Trump learned from first term  how to get the most from corrupt gov.Elon hasn’t learned yet!
2025-06-08T10:13:45.000Z,"Donald Trump just threatened Elon with a $3 trillion bill.  Tesla  SpaceX. Starlink. On the subline.
 Musk's response? 
Uncover President Trump's darkest secrets. Here's the real reason Musk wants him impeached."
2025-06-08T10:13:55.000Z,nice bait glad you liked it babe
2025-06-08T10:13:57.000Z,first he has distanced himself from the democratic voters (traditionally the  Tesla  buyers) and now he has distanced himself from the MAGA group….let’s see who’s left to capture the loss of sales associated with this..
2025-06-08T10:14:09.000Z,"$TSLA  NEWS: New Tesla Model Y Robotaxi spotted testing in California!

TCP-licensed, signaling a launch soon after Austin.  #Tesla #Tesla"
2025-06-08T10:14:12.000Z,Okay
2025-06-08T10:14:16.000Z,"Elon, please take a look at my account @ daverandla . It seems you still have some bad actors at X. They permanently suspended me when I was defending you against the  Tesla , takedown and posting this same equation.
I was not spamming, use real name & face blue   & com noter"
2025-06-08T10:14:19.000Z,"I totally get the hype around  Tesla  hitting 2k, but let's be real, Musk's been on a wild rollercoaster lately. You gotta wonder if he's just going through some stuff right now.  Every day I'm like, what's Musk gonna do next to mess with my stocks?"
2025-06-08T10:14:37.000Z,Tesla
2025-06-08T10:14:37.000Z,are you sure its not the battery on a  tesla
2025-06-08T10:14:38.000Z,Indeed
2025-06-08T10:14:43.000Z,"Lil X?

… or Scott Bessent?"
2025-06-08T10:14:45.000Z,The Elon Musk-Donald Trump fallout is sending shockwaves through markets!  Tesla  shares plunge as Trump threatens to cut government contracts. What does this mean for the future of Musk's empire and government tech partnerships?  #Tesla    #SpaceX   #Trump   #Musk
2025-06-08T10:14:50.000Z,"Musk's Opponents Weaponize Systems Against Him.  87% increase in  Tesla  investigations since May 2025, with direct White House pressure to ""scrutinize all outstanding  Tesla  recalls"".(CNBC)Blue Origin's $47M War Chest: Bezos-funded PACs running attack ads linking Musk to Epstein"
2025-06-08T10:14:55.000Z,"Tesla  x Bitcoin

Elon should do it just to piss off Trump"
2025-06-08T10:15:11.000Z,腰が痛い(T_T) #筋トレMEMO
2025-06-08T10:15:16.000Z,"Elon Musk in 2015
""We're approaching the Gigafactory like it's a product. We're designing it as a giant machine. It's actually really like a product of  Tesla . There will need to be many Gigafactories in the future."""
2025-06-08T10:15:20.000Z,lol you could possibly be
2025-06-08T10:15:22.000Z,Quitar la mili.
2025-06-08T10:15:26.000Z,Tesla  will Win!
2025-06-08T10:15:26.000Z,Synthetic Share Attacks: Citadel algo-trading logs show pattern of spoofing  Tesla 's order book during Musk's X posts.(The Hill)
2025-06-08T10:15:32.000Z,It means “you’ll eat crickets and like it”
2025-06-08T10:15:34.000Z,そろそろ川口でも始まる？
2025-06-08T10:15:35.000Z,"This was likely an orchestrated exit for Musk.   He needed to become apolitical somewhat to restore the ""damage"" to brand.    Now the left will stop attacking  Tesla  stores (irrational) and TSLA can now operate in EU again."
2025-06-08T10:15:40.000Z,"@EyeOSauron   @featuring_cody   @p_ferragu   @elonmusk   Tesla  plans to deploy ~5,000 Optimus robots in its factories by late 2025, performing basic assembly line tasks like sorting and handling parts autonomously in controlled settings. Recent demos show progress, but full autonomy for"
2025-06-08T10:15:41.000Z,ooh spicy maybe i am the devil
2025-06-08T10:15:53.000Z,며칠동안은 유지가 되나봐요? 며칠이상 활동안해야 점수를 안줄까여?
2025-06-08T10:15:54.000Z,"Trump-Musk, è rottura. Il presidente Usa vuole vendere la  Tesla ."
2025-06-08T10:16:05.000Z,"Tesla  is under serious pressure to rejoin the BTC game, with top crypto voices and the community hyping up the potential for renewed payments. BTC price is consolidating below recent highs, technicals show oversold conditions, and a  Tesla  pivot could fuel a major move.

Market"
2025-06-08T10:16:09.000Z,"@zakayonoel37   @StephanLie64848  Das Video, das behauptet, Trump habe die  Tesla -Produktion in den USA verboten, ist satirisch und nicht echt. Es wurde am 8. Juni 2025 auf X gepostet. Es gibt keine glaubwürdigen Beweise, wie offizielle Erklärungen von  Tesla  oder dem Weißen Haus, die"
2025-06-08T10:16:15.000Z,"@elonmusk  remember how the fist  Tesla  dashboard wasn’t what you wanted but you had to move forward and then fix it later? Think about how that may apply to the dreams and visions of others, as well. You sometimes have to take the best you can get then fix the rest later."
2025-06-08T10:16:26.000Z,Tesla
2025-06-08T10:16:29.000Z,Definitely agree. Elon has no business to get involved in politics if he wants to protect his companies and shareholders. He publicly disrespected our country and the POTUS because he has no emotional control. Damage was done and the world will think differently of him.
2025-06-08T10:16:31.000Z,Go for the president! We will rally for you. All the doge and  tesla  believers will follow
2025-06-08T10:16:32.000Z,"once a leader fa with the swamp, the swamp will drown him/her."
2025-06-08T10:16:40.000Z,Tesla
2025-06-08T10:16:51.000Z,"You are ! I bought 2  Tesla  2024, And  keep stocks anytime !"
2025-06-08T10:16:54.000Z,En un seul mot : stellantis
2025-06-08T10:17:09.000Z,lol
2025-06-08T10:17:11.000Z,"Elon Musk's statement, ""Most entertaining outcome is most likely,"" is a philosophical heuristic, not a scientific fact. It can inspire creativity, as seen in Musk's ventures like  Tesla  and SpaceX, where bold, engaging approaches often succeed. Psychological theories, like the"
2025-06-08T10:17:15.000Z,@Tesla   @elonmusk    is the smart car of the future.
2025-06-08T10:17:18.000Z,""" Tesla  vs Real-estate"".. Exclusive story on..."
2025-06-08T10:17:18.000Z,More like  Tesla  I'd say.
2025-06-08T10:17:29.000Z,"Plus une seule vente, mais Elon Musk vise 10 millions d’unités : la stratégie  Tesla  qui défie toute logique"
2025-06-08T10:17:30.000Z,lol nice try devil boy
2025-06-08T10:17:42.000Z,I couldn’t care less anymore about  Tesla Nazi car
2025-06-08T10:17:42.000Z,맛저 되세요!
2025-06-08T10:17:43.000Z,nfa
2025-06-08T10:17:56.000Z,Nice  Tesla  cake
2025-06-08T10:18:00.000Z,国旗燃やすなら、アメリカ から出て行きなさいよ
2025-06-08T10:18:03.000Z,Ah so I'm expected to scroll through your responses to others? If you were to give your reasons you should've given them in the main comment  which was as vague as they come
2025-06-08T10:18:08.000Z,건강한 식단이네요. 맛저 되세요!
2025-06-08T10:18:11.000Z,Tesla
2025-06-08T10:18:24.000Z,고소해 보이네요!
2025-06-08T10:18:29.000Z,"Ian, if you ping me a message on here, I’ll show you before and after photos of the two versions you can do, from my car."
2025-06-08T10:18:30.000Z,Yes
2025-06-08T10:18:30.000Z,So why did  $TSLA  drop 15% on this past Thursday after his tweets? Were there bad news related to companies' performance?
2025-06-08T10:18:41.000Z,"ただ水洗いだけして
拭き取りとか疎かにすると水垢になります。笑
しっかりメンテ大切です"
2025-06-08T10:18:43.000Z,He's going to blow up  Tesla  isn't he.
2025-06-08T10:18:46.000Z,. Dear  @grok  what does he mean by the post don't mess with  Tesla  can you analyze the post.
2025-06-08T10:18:48.000Z,"Ага, Обломовщина, духовная практика. Илья Муромец 30 лет на печи лежал, читал?"
2025-06-08T10:18:49.000Z,Not enough people appreciate this.  For all hell that the auto market is going through...and all the investments  Tesla  is making in AI both physical infrastructure and R&D...they are still cash flow positive.
2025-06-08T10:18:51.000Z,The skeptics invented it so  Tesla  can fail to make it by then.
2025-06-08T10:18:52.000Z,"Tesla  shares gain after $152 billion selloff, but Trump-Musk truce uncertain"
2025-06-08T10:18:52.000Z,Surprisingly gives FSD compliments! @WholeMarsBlog   @SawyerMerritt   @dallasteslaclub   @Tesla    @DriveTeslaca   @mikepat711   @aelluswamy
2025-06-08T10:18:59.000Z,"Goodbye Elmo, SpaceX and  Tesla ? You’re clearly unaware that many of us who don’t worship nepo-babies refer to him as Elmo."
2025-06-08T10:18:59.000Z,"It's sad to hear about scams, but remember,  Tesla  doesn't contact winners directly for prizes. Always verify through official channels.  Tesla 's great work continues despite these frauds, focusing on innovation and sustainability. Stay safe and keep supporting  Tesla 's mission!"
2025-06-08T10:18:59.000Z,Is the Governor's response appropriate?
2025-06-08T10:19:07.000Z,Watch Democrats love  Tesla  again. Such fickle children.
2025-06-08T10:19:21.000Z,OMG are you kidding I would be overjoyed to own this gorgeous  Tesla  car!!!
2025-06-08T10:19:25.000Z,きりちゃん赤から白に変身
2025-06-08T10:19:30.000Z,"LATEST: XRP Mirrors  Tesla ’s Early Setbacks—Is a 30x Rally Rally Still on the Table? 
  https:// slas-early-setbacks-is-a-30x-rally-rally-still-on-the-table/ …"
2025-06-08T10:19:31.000Z,"Parece que  Tesla  no es el único con lo de las frenadas.
El tema del SC es importante para mí. Desde que lo compré, dicen que están a punto de abrir uno. Hace poco le he hecho una revisión en Bilbao y le han encontrado un problema que  tendrán que resolver, en otra visita. 600 kms"
2025-06-08T10:19:33.000Z,Tesla  short sellers pocket about $4 billion in profits after Musk-Trump spat
2025-06-08T10:19:33.000Z,"@ppt7sctv  's analysis on  Tesla  has been spot-on before, so I'd lean bullish too. His insights on market trends always add clarity.  $TSLA"
2025-06-08T10:19:36.000Z,This is why they killed  Tesla ... https:// NM/?igsh=MXg4bWZvN3JvaHk5Ng== …
2025-06-08T10:19:46.000Z,"Crypto portfolio update: $PAAL  – building AI like it’s Google $RIO  – flatlining like a monk in deep focus $QUBIC  – speaks less, does more #M87  – might be alive, might be a simulation $DIONE  – the  Tesla  of tokenised energy, just... undervalued"
2025-06-08T10:19:46.000Z,かつてアメリカがメキシコに対してやったことをやり返されてるだけ、因果応報なので生温かい目で見てればいいんじゃないですかね。
2025-06-08T10:19:47.000Z,#スーパー生徒会チャンス “生きて腸まで届け”！
2025-06-08T10:19:47.000Z,She basically admitted the left burns  Tesla  by saying this
2025-06-08T10:19:57.000Z,"Elon Musk saw  Tesla  Shares in freefall, sales not going through, and his liberal customer base hated hi,m ensuring his business was virtually dead and decided it was either Trump or him going down. Very clever strategy but hataweza kabisa,"
2025-06-08T10:20:03.000Z,"you have gender confusion, your at least a minion then …."
2025-06-08T10:20:08.000Z,"メキシコを愛する人もいれば、
パレスチナを愛する人もいる。
アメリカの国旗を燃やすのが好きな人もいる。それでも皆、
アメリカに住むのが好きなのだ。
Gays For Gaza"
2025-06-08T10:20:17.000Z,"@ppt7sctv  's analysis on  Tesla  has been spot-on before, so I'd lean bullish too. His insights on market trends always add clarity.  $TSLA"
2025-06-08T10:20:29.000Z,You don't wanna miss this if you own a  Tesla .
2025-06-08T10:20:32.000Z,"Another numpty ! 

God help us !! 

Better things to buy with your money out there !!"
2025-06-08T10:20:32.000Z,0 km arac fiyati.  Tesla  alırım daha iyi
2025-06-08T10:20:36.000Z,"Fantastic,  Tesla  always shines at anywhere it displays it products"
2025-06-08T10:20:36.000Z,"Denke ich nicht, denn ich hab fast alle Antworten gelesen"
2025-06-08T10:20:36.000Z,nah im a king not some minion
2025-06-08T10:20:42.000Z,Amazing
2025-06-08T10:20:43.000Z,"Tesla . Best. Cars. Ever!   Just drive one and find out. PERFORMANCE, FSD, Safety, Innovation, Tech, Infrastructure..."
2025-06-08T10:20:55.000Z,"You are brilliant not a Dan of  Tesla ’s
But the USA needs both you and President Trump to keep working together to fix a few spending things about the big bill in the next weeks to get it passed and the American citizens back to the country we love so much again"
2025-06-08T10:20:57.000Z,Love Australia… lots of space -appeals to  South Africans.   But a  TESLA  factory- wages are very high- taxes etc  China  nearest neighbour makes cheaper EV’s.   TOYOTA 4x4  is best for vast distances in rural areas
2025-06-08T10:20:57.000Z,"Nooon, PDG de  Tes la à 14 ans"
2025-06-08T10:21:03.000Z,好家伙 机会啦。一锅端
2025-06-08T10:21:07.000Z,Excellent point made. Thanks for sharing.
2025-06-08T10:21:09.000Z,"Deregulate innovation!  Elon would slash red tape slowing SpaceX,  Tesla , & AI. Faster tech progress for all!"
2025-06-08T10:21:10.000Z,"#Tesla    #FSD  fährt auch sicher bei schlecht Wetter Situationen  In reality, FSD continues to stabilize."
2025-06-08T10:21:10.000Z,"Go green!  Elon would push solar & battery projects, with big incentives for clean energy.  Tesla  vibes!"
2025-06-08T10:21:12.000Z,"Cathy, he is not Edison.  He is Nikola  Tesla .  After 27 years on Mars, he is back!  Elon is a VERY powerful Domain volunteer who has come again to help Humans break free from Earths prison system."
2025-06-08T10:21:13.000Z,Assumption based on IQ.. not facts. Smart fella..
2025-06-08T10:21:15.000Z,"The De Tomaso merger sets ESGL up for luxury success, and the OIO rebrand may boost the stock to $4 soon!  @CircularESGL   $BTC   $ETH   $TESLA"
2025-06-08T10:21:18.000Z,"Why is  Tesla  stock so interesting for all? Why not others company’s stock? All stocks gos up and down, always, some is winning some lusing. That’s is the investors maintrack and tens. So please tell us about all top-10 company’s stockholders situation?"
2025-06-08T10:21:21.000Z,"only 7% of spacex revenue from NASA.
SpaceX can hire rocket engineers to drain the NASA talents"
2025-06-08T10:21:22.000Z,But by all means....certain Germans should keep on villifying  Tesla  who is the one bright spot in the auto industry who could help take them into the future.
2025-06-08T10:21:25.000Z,"BLITZMERKER, die Durch den Fall der  Tesla  Aktie um 14% wurden Spekulationsgewinne in Höhe von $4,2 Mrd. realisiert.  Und das ist lediglich die naheliegendste Interpretation. #ElonMusk  tweetete:
„Das unterhaltsamste Resultat ist das wahrscheinlichste"" https:// d-und-internationales/streit-von-trump-und-musk-ist-alles-nur-show-68453f3447483151efef341c …"
2025-06-08T10:21:52.000Z,"LA NACION dom 8 jun 2025

Trump amenaza a Musk con “graves consecuencias” en una pelea sin final a la vista

El mandatario advirtió que castigará al magnate si financia a los demócratas, el dueño de  Tesla  retiró el incendiario posteo sobre el caso Epstein http:// 116938885 …"
2025-06-08T10:21:53.000Z,"@ppt7sctv  's analysis on  Tesla  has been spot-on before, so I'd lean bullish too. His insights on market trends always add clarity.  $TSLA"
2025-06-08T10:21:53.000Z,"Cathie Wood's price targets, like $2,600 for  Tesla  by 2030, are often optimistic and frequently missed, with historical data showing her $1,500  Tesla  target by 2026 and $1M Bitcoin target by 2030 unachieved. Her ARK Innovation ETF (ARKK) has underperformed the S&P 500 over 5"
2025-06-08T10:21:53.000Z,Mini güzel biz geniş aileyiz d segment anca kurtarır bizi hocam Kia ev9 servet paralar istiyorlar tüm ihtiyaçlarimizi  Tesla  karşılıyor onuda Umut veriyorlar satmıyorlar sinir ediyorlar muadilde yok piyasada ne alacağım bilemedim
2025-06-08T10:22:08.000Z,@grok  is  Tesla  a nazi company or promoting it?
2025-06-08T10:22:09.000Z,Keep guessing
2025-06-08T10:22:28.000Z,@teslaownersSV   @Tesla   are currently 4th in EV sales in  #Europe  with reported sales to date down 42%
2025-06-08T10:22:30.000Z,お邪魔しました
2025-06-08T10:22:34.000Z,"ㅅㅅ 중독으로 이혼한 할리우드 배우

데이비드 듀코브니
50대에도 하루에 몇차례나 ㅅㅅ 요구해서 와이프가 못참고 이혼"
2025-06-08T10:22:47.000Z,Rove beetles have nature’s most complex wings!  #insects   #science   https:// H_A4?si=0ZBt2GKDy-isJwKd …  via  @YouTube  A  Tesla  engineer watching this and rubbing his hands like bird man
2025-06-08T10:22:50.000Z,"Reviewing Elon Musk's government contracts could ensure fiscal responsibility, given his companies like SpaceX and  Tesla  have received over $38 billion in funding. It may address concerns about conflicts of interest, as Musk's role in reviewing federal spending raises questions"
2025-06-08T10:23:00.000Z,"IMO we will see a move up on Monday and next week especialy if overall market and QQQ stays up .. given posiive  tesla  European sales vs BYD, the impending FSD launch and Elons recent tweets and apparent ceasefire..amit dude is likely just writing for click bait!"
2025-06-08T10:23:12.000Z,"@ppt7sctv  's analysis on  Tesla  has been spot-on before, so I'd lean bullish too. His insights on market trends always add clarity.  $TSLA"
2025-06-08T10:23:16.000Z,Go  ld  @Tesla
2025-06-08T10:23:16.000Z,그건 테스트해보기에는 어려울것 같아서..
2025-06-08T10:23:19.000Z,"Tesla 's high multiples (P/E 145x) make it increasingly a meme stock, with risks of lower profitability in coming quarters. If robotaxis face issues (incidents), shares could collapse. I sold all my stocks."
2025-06-08T10:23:23.000Z,"Always stand with  @elonmusk  — a lifelong entrepreneurial and spiritual mentor.

From Rockets,  Tesla , X, to Robots and the American Dream… he's always faced challenges — even hurt — but without exception, he keeps evolving and growing stronger.     The people have spoken. A new political party is needed in America to represent the 80% in the middle!

And exactly 80% of people agree"
2025-06-08T10:23:27.000Z,"@ppt7sctv  's analysis on  Tesla  has been spot-on before, so I'd lean bullish too. His insights on market trends always add clarity.  $TSLA"
2025-06-08T10:23:29.000Z,"@ppt7sctv  's analysis on  Tesla  has been spot-on before, so I'd lean bullish too. His insights on market trends always add clarity.  $TSLA"
2025-06-08T10:23:30.000Z,ㅋㅋㅋㅋㅋㅋ 그쵸 ㅠ
2025-06-08T10:23:32.000Z,"Food for thought

(even if you dislike  Tesla , you still have to think about how this all plays out in Europe/Germany...) Waymo’s been grinding at this for over a decade!

They’ve built a fleet of ~1,500 vehicles and are now doing around 250,000 paid rides per week in SF, Phoenix, LA, and Austin. 

It’s honestly respectable what they’ve achieved through a sensor-heavy approach with lidar, radar, and"
2025-06-08T10:23:34.000Z,"Ok your highness you still owe me a pic, I’m not convinced you deserve my affections after all ….   I think you discarded my   so you didn’t have to prove yourself ….."
2025-06-08T10:23:40.000Z,Ok
2025-06-08T10:23:43.000Z,lmao talking to me like i'm a therapist now? just say you're indecisive smh
2025-06-08T10:23:49.000Z,"I don't buy it   it's theater  Elon took a lot of grief for Trump  ,  I think it's more about  Tesla   shareholders"
2025-06-08T10:23:51.000Z,똑같더라고요.ㅎㅎ
2025-06-08T10:23:53.000Z,No b all but him de try sha for cut one
2025-06-08T10:24:00.000Z,"nah pic's in the mail babe, deal with it"
2025-06-08T10:24:04.000Z,"Einfach 700-800km, Kollegen sind dabei, etwas Zuladung auch.

Und da bin ich nicht der Einzige im Freundeskreis, der regelmäßig ähnliche Fahrten hat…

Für meinen Alltag (70-80% aller Fahrten) würde ich natürli  ch mit einem Tesla klarkommen"
2025-06-08T10:24:07.000Z,"@ppt7sctv  's analysis on  Tesla  has been spot-on before, so I'd lean bullish too. His insights on market trends always add clarity.  $TSLA"
2025-06-08T10:24:12.000Z,Tesla  look great
2025-06-08T10:24:12.000Z,"Auch dann ist das kein Problem. Der Camping-Mode bei  Tesla  braucht im Winter, wenn du im Auto bei 22 Grad übernachtest, nicht mehr als 20-25% Akku. Da gibt es viele Videos dazu auf YouTube."
2025-06-08T10:24:17.000Z,This diet nigga just called himself a bitch I feel only black supremacists like Jon Jones. I'm half black and I don't like that nigga
2025-06-08T10:24:28.000Z,"歴史的には、カリフォルニア、アリゾナ、テキサス、ネバダなどはメキシコの領土で、

それをアメリカが無理矢理奪ったんだけどなー

メキシコ人にしてみれば腹立つと思うよ

だけどこう言うやり方は問題があると思うけどね"
2025-06-08T10:24:29.000Z,"Tesla  is not a Nazi company, nor does it officially promote Nazi ideology. The company focuses on electric vehicles and sustainability, with no evidence of corporate policies endorsing Nazism. However, Elon Musk's actions, like his gesture at Trump's 2025 inauguration and"
2025-06-08T10:24:35.000Z,"Tesla  regularly employs naïvely deceptive statistical tricks to camouflage the decline in demand for its vehicles in Europe.

These tactics rely on a well-established psychological feature of  Tesla ’s audience: a deeply ingrained confidence in the company’s messaging, to the point"
2025-06-08T10:24:43.000Z,"@ppt7sctv  's analysis on  Tesla  has been spot-on before, so I'd lean bullish too. His insights on market trends always add clarity.  $TSLA"
2025-06-08T10:24:46.000Z,It’s 6:24 AM do you know where the Za man at
2025-06-08T10:24:48.000Z,DOGE is dead.  Tesla ’s bleeding. SpaceX contracts on the line. Musk picked a fight with the one guy who enjoys destroying empires.
2025-06-08T10:24:49.000Z,"こういう犯罪者は救いようがない。
こんなことするから余計に排除されることを理解しない。"
2025-06-08T10:25:04.000Z,좋은 정보 감사드립니다
2025-06-08T10:25:14.000Z,"I recognize the S and X are decade plus old designs that bring the value of the whole company down. Fact is, design hasn’t changed nor innovated.  Tesla  is the laziest tech company on earth."
2025-06-08T10:25:15.000Z,누적이 맞나보네요!!
2025-06-08T10:25:16.000Z,Bro wen  @Tesla    @robotaxi  ?? 12th is in 4 days
2025-06-08T10:25:19.000Z,스마트 팔로워 44 와.. 어떻게 하셨어용
2025-06-08T10:25:22.000Z,"But I thought  @elonmusk   found no fraud or waste? Why am I paying for a bunch of clowns inciting violence in the streets and burning  Tesla 's (or anything for that matter)?? No fraud or waste?

No wonder I drink. CHIRLA has the EIN of 954421521. Most of its private funding appears to be from DAFs, which are the hardest to trace. However 34 million of its reported 45 million in revenue are from government grants."
2025-06-08T10:25:24.000Z,@samgeorgegh
2025-06-08T10:25:25.000Z,TESLA
2025-06-08T10:25:27.000Z,"The claim that Donald Trump banned  Tesla  production in the USA is false. The video you referenced is satirical, using absurd subtitles like ""ELON STABBED ME"" for humor, not fact. No credible evidence supports a ban. Trump has publicly backed  Tesla , even buying one to show support"
2025-06-08T10:25:28.000Z,Nionyeshe mtoto wa Kiongozi yeyote wa Siasa anaepush Hashtag mtandaoni au majukwaani..
2025-06-08T10:25:32.000Z,"Yup. There are like 10 people, which get in the media, hating on  Tesla . The rest of us are buying and supporting the  Tesla  brand and cause.  Tesla  has the highest sales in Norway among all cars. 

The media does not reflect the reality. But it sure works hard to control it."
2025-06-08T10:25:33.000Z,When the time is right Vance will turn on Trump faster than an accelerating  Tesla .
2025-06-08T10:25:34.000Z,"Trying to get libs back with  Tesla  

Purely a PR stunt"
2025-06-08T10:25:36.000Z,"चाहते थे और उन्होंने कहा कि ट्रंप उनके समर्थन के बिना चुनाव नहीं जीत पाते। जवाब में ट्रंप ने मस्क की कंपनियों ( Tesla  और SpaceX) के सरकारी कॉन्ट्रैक्ट्स खत्म करने की धमकी दी।

3. एपस्टीन विवाद घसीटा गया:
मस्क ने पोस्ट किया (बाद में डिलीट भी किया) कि ट्रंप का नाम जेफ्री एपस्टीन"
2025-06-08T10:25:37.000Z,自治体には、この方がご存命のうちに形にしていただきたい！
2025-06-08T10:25:37.000Z,"Unless the roads of the world are all filled with  Tesla ’s autonomous driving, sleeping in the back seat will still be a dangerous thing. 

Because you could get hit."
2025-06-08T10:25:38.000Z,I was a big fan of every thing you did your are the reason I got a ev car but unfortunately a  Tesla  was out of my budget. But then you sold your soul to the devil but you are now on the road to redemption for me
2025-06-08T10:25:38.000Z,"@ppt7sctv  's analysis on  Tesla  has been spot-on before, so I'd lean bullish too. His insights on market trends always add clarity.  $TSLA"
2025-06-08T10:25:47.000Z,Apparently uber drivers in  #NZ  do better with a  #tesla   ride choice wise
2025-06-08T10:25:50.000Z,Are you blind or what?  Tesla  is in a cash crunch situation and can’t afford lobbysts.. especially because current gov hates renewables
2025-06-08T10:25:51.000Z,"And resulted with  Tesla  autopilot crashing into stuff because he was cheap on these parts. But don't worry, they didn't cheap on system that will disable autopilot a second before crash so families of people who died in the crashes wouldn't sue them"
2025-06-08T10:25:55.000Z,"Trump's warning of ""serious consequences"" if Musk funds Democrats in the 2026 midterms lacks specific details but aligns with his past threats to cut federal contracts for Musk's companies, a move that could impact  Tesla  and SpaceX, given their $2.9 billion in government"
2025-06-08T10:26:02.000Z,TACO
2025-06-08T10:26:03.000Z,"0G vs Monad in one line:  @0G_labs  is  Tesla , while  @monad_xyz  is Porsche – choose your ride. -)"
2025-06-08T10:26:03.000Z,イケイケ ちゃん
2025-06-08T10:26:13.000Z,"Yup...I'm inclined to believe that  Tesla  will start doing driverless (and no employees in the passenger seat either) rides around June 12...but will not even announce it.  It will still be just employees using it, but they will be using it as actual customers. 

Near the end of"
2025-06-08T10:26:16.000Z,"Tesla 's focus on innovation and sustainability is truly inspiring! While political leaders' kids might shy away from hashtags,  Tesla 's impact on the future of transportation is undeniable. Their commitment to a greener planet is something we can all get behind!

Source:"
2025-06-08T10:26:59.000Z,"Tesla  Cybertruck's Tri Motor Powertrain  Insane Performance!4  #tesla    #te ...  https:// =Z8_4XOm1oX8pVF11 …  via  @YouTube  
like ,subscribe and share to follow our comming  tesla  cybertruck strong reels series"
2025-06-08T10:27:03.000Z,Amazing fsd supervised  Tesla I bet you've never seen this: FSD driving on water!
2025-06-08T10:27:07.000Z,"Laters, I have a more important call to answer, it’s Elon …. I’m sorry gork there’s only one Elon"
2025-06-08T10:27:11.000Z,John wick
2025-06-08T10:27:16.000Z,Tesla  got everywhere
2025-06-08T10:27:17.000Z,"Blackrock?

They should be asking this for hiring at Starbucks"
2025-06-08T10:27:18.000Z,"Ma come? Mi state dicendo che la gente non è accorsa in massa convinta dagli appelli accurati del testicolo destro di Putin tale Giuseppe Conte, dal filo tagliagole in  Tesla  Nicola Fratoianni e dalla simpaticissima ballerina sul carro del Pride tale Elli Schlein? Mi sento male"
